FORMAT,STD_DEV,AVERAGE,SHIFT
T20,16.835229084980718,42.571994305772094,0.0
First Class,25.21643284848485,43.82919819487197,0.0
List A,58.92634480960001,132.70512325172976,0.0
